{
  "tag": "D_pbr_no_r3r4",
  "run_at": "2026-07-20T00:39:30.594958",
  "seed": null,
  "cagr": 0.11140097201807508,
  "net_cagr": 0.10399024199719165,
  "alpha": 0.005286361583659582,
  "alpha_kosdaq": 0.06799242880572653,
  "sharpe": 0.41580723026235816,
  "net_sharpe": 0.39033656621163215,
  "mdd": -0.37479948056886003,
  "robustness": 0.55,
  "benchmark_cagr": 0.1061146104344155,
  "kosdaq_cagr": 0.04340854321234855,
  "avg_turnover": 0.515,
  "cagr_optimistic": 0.11455088232391786,
  "cagr_conservative": 0.10390282421238917,
  "n_periods": 20
}