{
  "tag": "D_pbr_only",
  "run_at": "2026-07-19T14:10:51.827766",
  "seed": null,
  "cagr": 0.11063302831956157,
  "net_cagr": 0.10391200766788633,
  "alpha": 0.004518417885146064,
  "alpha_kosdaq": 0.06722448510721302,
  "sharpe": 0.417178337344446,
  "net_sharpe": 0.39314875425942575,
  "mdd": -0.35462694536792727,
  "robustness": 0.55,
  "benchmark_cagr": 0.1061146104344155,
  "kosdaq_cagr": 0.04340854321234855,
  "avg_turnover": 0.4625,
  "cagr_optimistic": 0.11541170781680665,
  "cagr_conservative": 0.09928845087113736,
  "n_periods": 20
}