{
  "tag": "F_no_r3r4",
  "run_at": "2026-07-19T14:21:51.130075",
  "seed": null,
  "cagr": 0.13911755445990637,
  "net_cagr": 0.12648070986798454,
  "alpha": 0.033002944025490866,
  "alpha_kosdaq": 0.09570901124755782,
  "sharpe": 0.4681833069025021,
  "net_sharpe": 0.4305004975605852,
  "mdd": -0.2965706933132777,
  "robustness": 0.6,
  "benchmark_cagr": 0.1061146104344155,
  "kosdaq_cagr": 0.04340854321234855,
  "avg_turnover": 0.865,
  "cagr_optimistic": 0.13911755445990637,
  "cagr_conservative": 0.13911755445990637,
  "n_periods": 20
}