{
  "tag": "F_pbr_r6",
  "run_at": "2026-07-19T14:16:17.762975",
  "seed": null,
  "cagr": 0.1480624330395206,
  "net_cagr": 0.13630877094127536,
  "alpha": 0.0419478226051051,
  "alpha_kosdaq": 0.10465388982717205,
  "sharpe": 0.5250800404961073,
  "net_sharpe": 0.4871069071132007,
  "mdd": -0.34480195691242965,
  "robustness": 0.55,
  "benchmark_cagr": 0.1061146104344155,
  "kosdaq_cagr": 0.04340854321234855,
  "avg_turnover": 0.7975000000000001,
  "cagr_optimistic": 0.14939242794580965,
  "cagr_conservative": 0.1449041122164212,
  "n_periods": 20
}