{
  "tag": "F_pbr_nostab",
  "run_at": "2026-07-17T22:32:14.183782",
  "seed": null,
  "cagr": 0.1320078373257738,
  "net_cagr": 0.1211864333737076,
  "alpha": 0.025893226891358312,
  "alpha_kosdaq": 0.08859929411342526,
  "sharpe": 0.4885559393218893,
  "net_sharpe": 0.45233389430078075,
  "mdd": -0.4097539382788322,
  "robustness": 0.55,
  "benchmark_cagr": 0.1061146104344155,
  "kosdaq_cagr": 0.04340854321234855,
  "avg_turnover": 0.7375,
  "cagr_optimistic": 0.13220032576337992,
  "cagr_conservative": 0.13155754951817022,
  "n_periods": 20
}