{
  "tag": "F_pbr_no_r3r4",
  "run_at": "2026-07-15T21:34:17.455775",
  "seed": null,
  "cagr": 0.16185392254931008,
  "net_cagr": 0.15017910668732082,
  "alpha": 0.05573931211489458,
  "alpha_kosdaq": 0.11844537933696153,
  "sharpe": 0.5540794179625809,
  "net_sharpe": 0.5181158121976965,
  "mdd": -0.2976165939587384,
  "robustness": 0.55,
  "benchmark_cagr": 0.1061146104344155,
  "kosdaq_cagr": 0.04340854321234855,
  "avg_turnover": 0.7875,
  "cagr_optimistic": 0.16185392254931008,
  "cagr_conservative": 0.16185392254931008,
  "n_periods": 20
}