{
  "tag": "F_pbr_no_r3r4_parent",
  "run_at": "2026-07-20T00:41:16.517120",
  "seed": null,
  "cagr": 0.16067806210339786,
  "net_cagr": 0.14862666365772492,
  "alpha": 0.054563451668982355,
  "alpha_kosdaq": 0.1172695188910493,
  "sharpe": 0.5440082326979166,
  "net_sharpe": 0.5078318026768417,
  "mdd": -0.30078055374039125,
  "robustness": 0.6,
  "benchmark_cagr": 0.1061146104344155,
  "kosdaq_cagr": 0.04340854321234855,
  "avg_turnover": 0.8200000000000001,
  "cagr_optimistic": 0.16067806210339786,
  "cagr_conservative": 0.16067806210339786,
  "n_periods": 20
}