{
  "tag": "F_pbr_no_r2r3r4",
  "run_at": "2026-07-20T05:13:05.226384",
  "seed": null,
  "cagr": 0.16168682595333217,
  "net_cagr": 0.1498764905663832,
  "alpha": 0.05557221551891667,
  "alpha_kosdaq": 0.11827828274098362,
  "sharpe": 0.5690589740717436,
  "net_sharpe": 0.5311492078757393,
  "mdd": -0.30726359046775065,
  "robustness": 0.55,
  "benchmark_cagr": 0.1061146104344155,
  "kosdaq_cagr": 0.04340854321234855,
  "avg_turnover": 0.7975000000000001,
  "cagr_optimistic": 0.16168682595333217,
  "cagr_conservative": 0.16168682595333217,
  "n_periods": 20
}