{
  "tag": "F_pbr_no_r3r4r6",
  "run_at": "2026-07-15T21:42:06.212318",
  "seed": null,
  "cagr": 0.13789278703149743,
  "net_cagr": 0.1264081683399667,
  "alpha": 0.03177817659708193,
  "alpha_kosdaq": 0.09448424381914888,
  "sharpe": 0.4753894655119386,
  "net_sharpe": 0.44023225139941713,
  "mdd": -0.3659261814586102,
  "robustness": 0.45,
  "benchmark_cagr": 0.1061146104344155,
  "kosdaq_cagr": 0.04340854321234855,
  "avg_turnover": 0.7825,
  "cagr_optimistic": 0.13789278703149743,
  "cagr_conservative": 0.13789278703149743,
  "n_periods": 20
}