{
  "tag": "F_pbr_only",
  "run_at": "2026-07-19T14:14:31.538191",
  "seed": null,
  "cagr": 0.14792929224807283,
  "net_cagr": 0.13594274751628777,
  "alpha": 0.04181468181365733,
  "alpha_kosdaq": 0.10452074903572428,
  "sharpe": 0.5070383566373059,
  "net_sharpe": 0.4704623464147458,
  "mdd": -0.3552818841117559,
  "robustness": 0.45,
  "benchmark_cagr": 0.1061146104344155,
  "kosdaq_cagr": 0.04340854321234855,
  "avg_turnover": 0.8099999999999999,
  "cagr_optimistic": 0.14792929224807283,
  "cagr_conservative": 0.14792929224807283,
  "n_periods": 20
}