{
  "tag": "F_pbr_no_r3r4",
  "run_at": "2026-07-19T14:18:05.348524",
  "seed": null,
  "cagr": 0.16282042878835012,
  "net_cagr": 0.15100156518047236,
  "alpha": 0.05670581835393462,
  "alpha_kosdaq": 0.11941188557600158,
  "sharpe": 0.5717467687839662,
  "net_sharpe": 0.5339337498901673,
  "mdd": -0.30726359046775065,
  "robustness": 0.55,
  "benchmark_cagr": 0.1061146104344155,
  "kosdaq_cagr": 0.04340854321234855,
  "avg_turnover": 0.7975000000000001,
  "cagr_optimistic": 0.16282042878835012,
  "cagr_conservative": 0.16282042878835012,
  "n_periods": 20
}