{
  "tag": "F_pbr_r6",
  "run_at": "2026-07-15T21:32:29.071649",
  "seed": null,
  "cagr": 0.1470185968144777,
  "net_cagr": 0.13534813781556498,
  "alpha": 0.04090398638006221,
  "alpha_kosdaq": 0.10361005360212916,
  "sharpe": 0.4993035981712747,
  "net_sharpe": 0.46405157123229673,
  "mdd": -0.3332936011662816,
  "robustness": 0.5,
  "benchmark_cagr": 0.1061146104344155,
  "kosdaq_cagr": 0.04340854321234855,
  "avg_turnover": 0.7925000000000001,
  "cagr_optimistic": 0.1483547106398979,
  "cagr_conservative": 0.14384543441087572,
  "n_periods": 20
}