{
  "tag": "F_pbr_r6only",
  "run_at": "2026-07-17T22:34:05.110733",
  "seed": null,
  "cagr": 0.14510355047324852,
  "net_cagr": 0.13359185340204793,
  "alpha": 0.03898894003883302,
  "alpha_kosdaq": 0.10169500726089997,
  "sharpe": 0.5010329244183502,
  "net_sharpe": 0.4662251988857052,
  "mdd": -0.3833648814549965,
  "robustness": 0.6,
  "benchmark_cagr": 0.1061146104344155,
  "kosdaq_cagr": 0.04340854321234855,
  "avg_turnover": 0.7775000000000001,
  "cagr_optimistic": 0.14510355047324852,
  "cagr_conservative": 0.14510355047324852,
  "n_periods": 20
}