{
  "tag": "F_pbr_only",
  "run_at": "2026-07-15T21:26:12.910657",
  "seed": null,
  "cagr": 0.1495657541273432,
  "net_cagr": 0.1379663275353138,
  "alpha": 0.043451143692927685,
  "alpha_kosdaq": 0.10615721091499464,
  "sharpe": 0.5080563055675503,
  "net_sharpe": 0.47316363748207235,
  "mdd": -0.3565217617498142,
  "robustness": 0.45,
  "benchmark_cagr": 0.1061146104344155,
  "kosdaq_cagr": 0.04340854321234855,
  "avg_turnover": 0.785,
  "cagr_optimistic": 0.1495657541273432,
  "cagr_conservative": 0.1495657541273432,
  "n_periods": 20
}