{
  "generated_at": "2026-07-20T00:41:16.517522",
  "scenarios": {
    "D_pbr_no_r3r4": {
      "cagr": 0.111401,
      "net_cagr": 0.10399,
      "alpha": 0.005286,
      "alpha_kosdaq": 0.067992,
      "sharpe": 0.415807,
      "net_sharpe": 0.390337,
      "mdd": -0.374799,
      "robustness": 0.55,
      "benchmark_cagr": 0.106115,
      "kosdaq_cagr": 0.043409,
      "avg_turnover": 0.515,
      "cagr_optimistic": 0.114551,
      "cagr_conservative": 0.103903,
      "n_periods": 20
    },
    "F_pbr_no_r3r4_parent": {
      "cagr": 0.160678,
      "net_cagr": 0.148627,
      "alpha": 0.054563,
      "alpha_kosdaq": 0.11727,
      "sharpe": 0.544008,
      "net_sharpe": 0.507832,
      "mdd": -0.300781,
      "robustness": 0.6,
      "benchmark_cagr": 0.106115,
      "kosdaq_cagr": 0.043409,
      "avg_turnover": 0.82,
      "cagr_optimistic": 0.160678,
      "cagr_conservative": 0.160678,
      "n_periods": 20
    }
  },
  "judgements": {}
}