{
  "generated_at": "2026-07-15T19:08:21.628423",
  "scenarios": {
    "D_rim_only": {
      "cagr": 0.098687,
      "net_cagr": 0.088585,
      "alpha": -0.007428,
      "alpha_kosdaq": 0.055278,
      "sharpe": 0.36396,
      "net_sharpe": 0.329557,
      "mdd": -0.339405,
      "robustness": 0.5,
      "benchmark_cagr": 0.106115,
      "kosdaq_cagr": 0.043409,
      "avg_turnover": 0.7025,
      "cagr_optimistic": 0.102236,
      "cagr_conservative": 0.090222,
      "n_periods": 20
    },
    "D_no_r6": {
      "cagr": 0.071838,
      "net_cagr": 0.063001,
      "alpha": -0.034277,
      "alpha_kosdaq": 0.028429,
      "sharpe": 0.267034,
      "net_sharpe": 0.236431,
      "mdd": -0.332054,
      "robustness": 0.5,
      "benchmark_cagr": 0.106115,
      "kosdaq_cagr": 0.043409,
      "avg_turnover": 0.62,
      "cagr_optimistic": 0.073549,
      "cagr_conservative": 0.067746,
      "n_periods": 20
    },
    "D_pbr_only": {
      "cagr": 0.088116,
      "net_cagr": 0.0823,
      "alpha": -0.017999,
      "alpha_kosdaq": 0.044707,
      "sharpe": 0.315443,
      "net_sharpe": 0.297171,
      "mdd": -0.405309,
      "robustness": 0.55,
      "benchmark_cagr": 0.106115,
      "kosdaq_cagr": 0.043409,
      "avg_turnover": 0.4025,
      "cagr_optimistic": 0.091461,
      "cagr_conservative": 0.080141,
      "n_periods": 20
    },
    "D_factor_only": {
      "cagr": 0.052326,
      "net_cagr": 0.042738,
      "alpha": -0.053789,
      "alpha_kosdaq": 0.008917,
      "sharpe": 0.2064,
      "net_sharpe": 0.16381,
      "mdd": -0.285513,
      "robustness": 0.35,
      "benchmark_cagr": 0.106115,
      "kosdaq_cagr": 0.043409,
      "avg_turnover": 0.68,
      "cagr_optimistic": 0.052326,
      "cagr_conservative": 0.052326,
      "n_periods": 20
    },
    "E_screener_rim": {
      "cagr": 0.057378,
      "net_cagr": 0.047077,
      "alpha": -0.048736,
      "alpha_kosdaq": 0.01397,
      "sharpe": 0.226636,
      "net_sharpe": 0.186089,
      "mdd": -0.351562,
      "robustness": 0.45,
      "benchmark_cagr": 0.106115,
      "kosdaq_cagr": 0.043409,
      "avg_turnover": 0.7375,
      "cagr_optimistic": 0.058702,
      "cagr_conservative": 0.054229,
      "n_periods": 20
    },
    "E_no_r6": {
      "cagr": 0.105265,
      "net_cagr": 0.095078,
      "alpha": -0.00085,
      "alpha_kosdaq": 0.061856,
      "sharpe": 0.37092,
      "net_sharpe": 0.338464,
      "mdd": -0.32429,
      "robustness": 0.45,
      "benchmark_cagr": 0.106115,
      "kosdaq_cagr": 0.043409,
      "avg_turnover": 0.71,
      "cagr_optimistic": 0.105265,
      "cagr_conservative": 0.105265,
      "n_periods": 20
    },
    "E_rev_only": {
      "cagr": 0.026304,
      "net_cagr": 0.015137,
      "alpha": -0.079811,
      "alpha_kosdaq": -0.017104,
      "sharpe": 0.099249,
      "net_sharpe": 0.056852,
      "mdd": -0.354767,
      "robustness": 0.25,
      "benchmark_cagr": 0.106115,
      "kosdaq_cagr": 0.043409,
      "avg_turnover": 0.805,
      "cagr_optimistic": 0.026304,
      "cagr_conservative": 0.026304,
      "n_periods": 20
    },
    "E_op_only": {
      "cagr": 0.091541,
      "net_cagr": 0.079671,
      "alpha": -0.014574,
      "alpha_kosdaq": 0.048132,
      "sharpe": 0.32084,
      "net_sharpe": 0.284112,
      "mdd": -0.273495,
      "robustness": 0.45,
      "benchmark_cagr": 0.106115,
      "kosdaq_cagr": 0.043409,
      "avg_turnover": 0.8275,
      "cagr_optimistic": 0.093172,
      "cagr_conservative": 0.087649,
      "n_periods": 20
    },
    "E_gpa_only": {
      "cagr": -0.019461,
      "net_cagr": -0.028731,
      "alpha": -0.125575,
      "alpha_kosdaq": -0.062869,
      "sharpe": -0.181787,
      "net_sharpe": -0.23484,
      "mdd": -0.388105,
      "robustness": 0.25,
      "benchmark_cagr": 0.106115,
      "kosdaq_cagr": 0.043409,
      "avg_turnover": 0.686499,
      "cagr_optimistic": -0.015009,
      "cagr_conservative": -0.03004,
      "n_periods": 20
    },
    "E_pbr_only": {
      "cagr": 0.131685,
      "net_cagr": 0.121438,
      "alpha": 0.02557,
      "alpha_kosdaq": 0.088276,
      "sharpe": 0.471501,
      "net_sharpe": 0.437878,
      "mdd": -0.334509,
      "robustness": 0.65,
      "benchmark_cagr": 0.106115,
      "kosdaq_cagr": 0.043409,
      "avg_turnover": 0.705,
      "cagr_optimistic": 0.135248,
      "cagr_conservative": 0.123192,
      "n_periods": 20
    },
    "F_momentum_rim": {
      "cagr": 0.150764,
      "net_cagr": 0.138024,
      "alpha": 0.044649,
      "alpha_kosdaq": 0.107355,
      "sharpe": 0.502336,
      "net_sharpe": 0.464674,
      "mdd": -0.326406,
      "robustness": 0.55,
      "benchmark_cagr": 0.106115,
      "kosdaq_cagr": 0.043409,
      "avg_turnover": 0.865,
      "cagr_optimistic": 0.150764,
      "cagr_conservative": 0.150764,
      "n_periods": 20
    },
    "F_no_r6": {
      "cagr": 0.108329,
      "net_cagr": 0.095565,
      "alpha": 0.002215,
      "alpha_kosdaq": 0.064921,
      "sharpe": 0.400274,
      "net_sharpe": 0.356292,
      "mdd": -0.32188,
      "robustness": 0.5,
      "benchmark_cagr": 0.106115,
      "kosdaq_cagr": 0.043409,
      "avg_turnover": 0.8825,
      "cagr_optimistic": 0.108329,
      "cagr_conservative": 0.108329,
      "n_periods": 20
    },
    "G_full": {
      "cagr": 0.086277,
      "net_cagr": 0.073524,
      "alpha": -0.019838,
      "alpha_kosdaq": 0.042868,
      "sharpe": 0.34762,
      "net_sharpe": 0.293943,
      "mdd": -0.259602,
      "robustness": 0.5,
      "benchmark_cagr": 0.106115,
      "kosdaq_cagr": 0.043409,
      "avg_turnover": 0.8975,
      "cagr_optimistic": 0.087645,
      "cagr_conservative": 0.083024,
      "n_periods": 20
    },
    "G_no_r6": {
      "cagr": 0.124242,
      "net_cagr": 0.111181,
      "alpha": 0.018127,
      "alpha_kosdaq": 0.080833,
      "sharpe": 0.437716,
      "net_sharpe": 0.395042,
      "mdd": -0.276364,
      "robustness": 0.6,
      "benchmark_cagr": 0.106115,
      "kosdaq_cagr": 0.043409,
      "avg_turnover": 0.9,
      "cagr_optimistic": 0.124242,
      "cagr_conservative": 0.124242,
      "n_periods": 20
    },
    "H_no_stability": {
      "cagr": 0.117185,
      "net_cagr": 0.10454,
      "alpha": 0.011071,
      "alpha_kosdaq": 0.073777,
      "sharpe": 0.39798,
      "net_sharpe": 0.360073,
      "mdd": -0.394288,
      "robustness": 0.45,
      "benchmark_cagr": 0.106115,
      "kosdaq_cagr": 0.043409,
      "avg_turnover": 0.8725,
      "cagr_optimistic": 0.117185,
      "cagr_conservative": 0.117185,
      "n_periods": 20
    },
    "F_no_stability_clean": {
      "cagr": 0.107715,
      "net_cagr": 0.095334,
      "alpha": 0.0016,
      "alpha_kosdaq": 0.064306,
      "sharpe": 0.411103,
      "net_sharpe": 0.365614,
      "mdd": -0.321843,
      "robustness": 0.55,
      "benchmark_cagr": 0.106115,
      "kosdaq_cagr": 0.043409,
      "avg_turnover": 0.86,
      "cagr_optimistic": 0.107715,
      "cagr_conservative": 0.107715,
      "n_periods": 20
    },
    "D_no_stability": {
      "cagr": 0.069407,
      "net_cagr": 0.061082,
      "alpha": -0.036708,
      "alpha_kosdaq": 0.025998,
      "sharpe": 0.261782,
      "net_sharpe": 0.230683,
      "mdd": -0.345174,
      "robustness": 0.5,
      "benchmark_cagr": 0.106115,
      "kosdaq_cagr": 0.043409,
      "avg_turnover": 0.585,
      "cagr_optimistic": 0.071084,
      "cagr_conservative": 0.065398,
      "n_periods": 20
    },
    "D_no_r1": {
      "cagr": 0.08969,
      "net_cagr": 0.0795,
      "alpha": -0.016424,
      "alpha_kosdaq": 0.046282,
      "sharpe": 0.338504,
      "net_sharpe": 0.302819,
      "mdd": -0.341587,
      "robustness": 0.55,
      "benchmark_cagr": 0.106115,
      "kosdaq_cagr": 0.043409,
      "avg_turnover": 0.7075,
      "cagr_optimistic": 0.093226,
      "cagr_conservative": 0.081257,
      "n_periods": 20
    },
    "D_no_r2": {
      "cagr": 0.099911,
      "net_cagr": 0.089875,
      "alpha": -0.006203,
      "alpha_kosdaq": 0.056503,
      "sharpe": 0.368261,
      "net_sharpe": 0.334101,