{
  "generated_at": "2026-07-19T14:21:51.130511",
  "scenarios": {
    "D_pbr_only": {
      "cagr": 0.110633,
      "net_cagr": 0.103912,
      "alpha": 0.004518,
      "alpha_kosdaq": 0.067224,
      "sharpe": 0.417178,
      "net_sharpe": 0.393149,
      "mdd": -0.354627,
      "robustness": 0.55,
      "benchmark_cagr": 0.106115,
      "kosdaq_cagr": 0.043409,
      "avg_turnover": 0.4625,
      "cagr_optimistic": 0.115412,
      "cagr_conservative": 0.099288,
      "n_periods": 20
    },
    "F_momentum_rim": {
      "cagr": 0.137247,
      "net_cagr": 0.12456,
      "alpha": 0.031133,
      "alpha_kosdaq": 0.093839,
      "sharpe": 0.461004,
      "net_sharpe": 0.423516,
      "mdd": -0.332777,
      "robustness": 0.6,
      "benchmark_cagr": 0.106115,
      "kosdaq_cagr": 0.043409,
      "avg_turnover": 0.8675,
      "cagr_optimistic": 0.137247,
      "cagr_conservative": 0.137247,
      "n_periods": 20
    },
    "F_pbr_only": {
      "cagr": 0.147929,
      "net_cagr": 0.135943,
      "alpha": 0.041815,
      "alpha_kosdaq": 0.104521,
      "sharpe": 0.507038,
      "net_sharpe": 0.470462,
      "mdd": -0.355282,
      "robustness": 0.45,
      "benchmark_cagr": 0.106115,
      "kosdaq_cagr": 0.043409,
      "avg_turnover": 0.81,
      "cagr_optimistic": 0.147929,
      "cagr_conservative": 0.147929,
      "n_periods": 20
    },
    "F_pbr_r6": {
      "cagr": 0.148062,
      "net_cagr": 0.136309,
      "alpha": 0.041948,
      "alpha_kosdaq": 0.104654,
      "sharpe": 0.52508,
      "net_sharpe": 0.487107,
      "mdd": -0.344802,
      "robustness": 0.55,
      "benchmark_cagr": 0.106115,
      "kosdaq_cagr": 0.043409,
      "avg_turnover": 0.7975,
      "cagr_optimistic": 0.149392,
      "cagr_conservative": 0.144904,
      "n_periods": 20
    },
    "F_pbr_no_r3r4": {
      "cagr": 0.16282,
      "net_cagr": 0.151002,
      "alpha": 0.056706,
      "alpha_kosdaq": 0.119412,
      "sharpe": 0.571747,
      "net_sharpe": 0.533934,
      "mdd": -0.307264,
      "robustness": 0.55,
      "benchmark_cagr": 0.106115,
      "kosdaq_cagr": 0.043409,
      "avg_turnover": 0.7975,
      "cagr_optimistic": 0.16282,
      "cagr_conservative": 0.16282,
      "n_periods": 20
    },
    "F_no_stability_clean": {
      "cagr": 0.148892,
      "net_cagr": 0.136022,
      "alpha": 0.042777,
      "alpha_kosdaq": 0.105483,
      "sharpe": 0.55029,
      "net_sharpe": 0.505816,
      "mdd": -0.322733,
      "robustness": 0.65,
      "benchmark_cagr": 0.106115,
      "kosdaq_cagr": 0.043409,
      "avg_turnover": 0.875,
      "cagr_optimistic": 0.148892,
      "cagr_conservative": 0.148892,
      "n_periods": 20
    },
    "F_no_r3r4": {
      "cagr": 0.139118,
      "net_cagr": 0.126481,
      "alpha": 0.033003,
      "alpha_kosdaq": 0.095709,
      "sharpe": 0.468183,
      "net_sharpe": 0.4305,
      "mdd": -0.296571,
      "robustness": 0.6,
      "benchmark_cagr": 0.106115,
      "kosdaq_cagr": 0.043409,
      "avg_turnover": 0.865,
      "cagr_optimistic": 0.139118,
      "cagr_conservative": 0.139118,
      "n_periods": 20
    }
  },
  "judgements": {
    "F>F_no_stability_clean (stability 레이어 기여, 채택 파이프라인)": false,
    "_F_no_stability_clean_cagr": 0.148892,
    "F_no_r3r4<F_momentum_rim": false,
    "_F_no_r3r4_cagr": 0.139118
  }
}