{
  "generated_at": "2026-07-20T00:10:42.261206",
  "scenarios": {
    "U_pbr_path_ew": {
      "cagr": 0.076775,
      "net_cagr": 0.066732,
      "alpha": -0.029339,
      "alpha_kosdaq": 0.033367,
      "sharpe": 0.296496,
      "net_sharpe": 0.258123,
      "mdd": -0.304723,
      "robustness": 0.5,
      "benchmark_cagr": 0.106115,
      "kosdaq_cagr": 0.043409,
      "avg_turnover": 0.711183,
      "cagr_optimistic": 0.078973,
      "cagr_conservative": 0.071646,
      "n_periods": 20
    }
  },
  "judgements": {}
}