{
  "generated_at": "2026-07-20T05:13:05.226826",
  "scenarios": {
    "F_pbr_no_r2r3r4": {
      "cagr": 0.161687,
      "net_cagr": 0.149876,
      "alpha": 0.055572,
      "alpha_kosdaq": 0.118278,
      "sharpe": 0.569059,
      "net_sharpe": 0.531149,
      "mdd": -0.307264,
      "robustness": 0.55,
      "benchmark_cagr": 0.106115,
      "kosdaq_cagr": 0.043409,
      "avg_turnover": 0.7975,
      "cagr_optimistic": 0.161687,
      "cagr_conservative": 0.161687,
      "n_periods": 20
    }
  },
  "judgements": {}
}