{
  "generated_at": "2026-07-17T07:56:45.248860",
  "scenarios": {
    "D_rim_only": {
      "cagr": 0.105973,
      "net_cagr": 0.095621,
      "alpha": -0.000141,
      "alpha_kosdaq": 0.062565,
      "sharpe": 0.381457,
      "net_sharpe": 0.347733,
      "mdd": -0.342208,
      "robustness": 0.6,
      "benchmark_cagr": 0.106115,
      "kosdaq_cagr": 0.043409,
      "avg_turnover": 0.7175,
      "cagr_optimistic": 0.109462,
      "cagr_conservative": 0.097656,
      "n_periods": 20
    },
    "D_no_r6": {
      "cagr": 0.096362,
      "net_cagr": 0.086519,
      "alpha": -0.009753,
      "alpha_kosdaq": 0.052953,
      "sharpe": 0.357801,
      "net_sharpe": 0.324415,
      "mdd": -0.402265,
      "robustness": 0.6,
      "benchmark_cagr": 0.106115,
      "kosdaq_cagr": 0.043409,
      "avg_turnover": 0.685,
      "cagr_optimistic": 0.101532,
      "cagr_conservative": 0.084071,
      "n_periods": 20
    },
    "D_pbr_only": {
      "cagr": 0.088118,
      "net_cagr": 0.082303,
      "alpha": -0.017996,
      "alpha_kosdaq": 0.04471,
      "sharpe": 0.315449,
      "net_sharpe": 0.297178,
      "mdd": -0.405318,
      "robustness": 0.55,
      "benchmark_cagr": 0.106115,
      "kosdaq_cagr": 0.043409,
      "avg_turnover": 0.4025,
      "cagr_optimistic": 0.091463,
      "cagr_conservative": 0.080144,
      "n_periods": 20
    },
    "D_factor_only": {
      "cagr": 0.051749,
      "net_cagr": 0.042128,
      "alpha": -0.054366,
      "alpha_kosdaq": 0.00834,
      "sharpe": 0.203795,
      "net_sharpe": 0.16105,
      "mdd": -0.285513,
      "robustness": 0.35,
      "benchmark_cagr": 0.106115,
      "kosdaq_cagr": 0.043409,
      "avg_turnover": 0.6825,
      "cagr_optimistic": 0.051749,
      "cagr_conservative": 0.051749,
      "n_periods": 20
    },
    "E_screener_rim": {
      "cagr": 0.055686,
      "net_cagr": 0.04543,
      "alpha": -0.050428,
      "alpha_kosdaq": 0.012278,
      "sharpe": 0.219396,
      "net_sharpe": 0.178998,
      "mdd": -0.369805,
      "robustness": 0.45,
      "benchmark_cagr": 0.106115,
      "kosdaq_cagr": 0.043409,
      "avg_turnover": 0.735,
      "cagr_optimistic": 0.057008,
      "cagr_conservative": 0.052542,
      "n_periods": 20
    },
    "E_no_r6": {
      "cagr": 0.092206,
      "net_cagr": 0.082264,
      "alpha": -0.013909,
      "alpha_kosdaq": 0.048797,
      "sharpe": 0.329681,
      "net_sharpe": 0.297789,
      "mdd": -0.344908,
      "robustness": 0.45,
      "benchmark_cagr": 0.106115,
      "kosdaq_cagr": 0.043409,
      "avg_turnover": 0.6975,
      "cagr_optimistic": 0.092206,
      "cagr_conservative": 0.092206,
      "n_periods": 20
    },
    "E_rev_only": {
      "cagr": 0.024245,
      "net_cagr": 0.013182,
      "alpha": -0.08187,
      "alpha_kosdaq": -0.019164,
      "sharpe": 0.0862,
      "net_sharpe": 0.039428,
      "mdd": -0.354767,
      "robustness": 0.3,
      "benchmark_cagr": 0.106115,
      "kosdaq_cagr": 0.043409,
      "avg_turnover": 0.7975,
      "cagr_optimistic": 0.024245,
      "cagr_conservative": 0.024245,
      "n_periods": 20
    },
    "E_op_only": {
      "cagr": 0.092086,
      "net_cagr": 0.08017,
      "alpha": -0.014028,
      "alpha_kosdaq": 0.048678,
      "sharpe": 0.32098,
      "net_sharpe": 0.284426,
      "mdd": -0.273495,
      "robustness": 0.45,
      "benchmark_cagr": 0.106115,
      "kosdaq_cagr": 0.043409,
      "avg_turnover": 0.83,
      "cagr_optimistic": 0.093718,
      "cagr_conservative": 0.088192,
      "n_periods": 20
    },
    "E_gpa_only": {
      "cagr": -0.024164,
      "net_cagr": -0.033497,
      "alpha": -0.130278,
      "alpha_kosdaq": -0.067572,
      "sharpe": -0.242458,
      "net_sharpe": -0.30184,
      "mdd": -0.376614,
      "robustness": 0.25,
      "benchmark_cagr": 0.106115,
      "kosdaq_cagr": 0.043409,
      "avg_turnover": 0.694394,
      "cagr_optimistic": -0.019605,
      "cagr_conservative": -0.035003,
      "n_periods": 20
    },
    "E_pbr_only": {
      "cagr": 0.127729,
      "net_cagr": 0.117462,
      "alpha": 0.021614,
      "alpha_kosdaq": 0.08432,
      "sharpe": 0.457553,
      "net_sharpe": 0.423878,
      "mdd": -0.334509,
      "robustness": 0.65,
      "benchmark_cagr": 0.106115,
      "kosdaq_cagr": 0.043409,
      "avg_turnover": 0.7075,
      "cagr_optimistic": 0.131287,
      "cagr_conservative": 0.119249,
      "n_periods": 20
    },
    "F_momentum_rim": {
      "cagr": 0.157682,
      "net_cagr": 0.144872,
      "alpha": 0.051567,
      "alpha_kosdaq": 0.114273,
      "sharpe": 0.537212,
      "net_sharpe": 0.49791,
      "mdd": -0.326406,
      "robustness": 0.6,
      "benchmark_cagr": 0.106115,
      "kosdaq_cagr": 0.043409,
      "avg_turnover": 0.8675,
      "cagr_optimistic": 0.157682,
      "cagr_conservative": 0.157682,
      "n_periods": 20
    },
    "F_no_r6": {
      "cagr": 0.120829,
      "net_cagr": 0.108006,
      "alpha": 0.014714,
      "alpha_kosdaq": 0.07742,
      "sharpe": 0.426644,
      "net_sharpe": 0.385753,
      "mdd": -0.344363,
      "robustness": 0.55,
      "benchmark_cagr": 0.106115,
      "kosdaq_cagr": 0.043409,
      "avg_turnover": 0.88,
      "cagr_optimistic": 0.120829,
      "cagr_conservative": 0.120829,
      "n_periods": 20
    },
    "F_pbr_only": {
      "cagr": 0.149568,
      "net_cagr": 0.137969,
      "alpha": 0.043454,
      "alpha_kosdaq": 0.10616,
      "sharpe": 0.508059,
      "net_sharpe": 0.473167,
      "mdd": -0.356522,
      "robustness": 0.45,
      "benchmark_cagr": 0.106115,
      "kosdaq_cagr": 0.043409,
      "avg_turnover": 0.785,
      "cagr_optimistic": 0.149568,
      "cagr_conservative": 0.149568,
      "n_periods": 20
    },
    "F_pbr_r6": {
      "cagr": 0.147022,
      "net_cagr": 0.135352,
      "alpha": 0.040908,
      "alpha_kosdaq": 0.103614,
      "sharpe": 0.49931,
      "net_sharpe": 0.464059,
      "mdd": -0.333294,
      "robustness": 0.5,
      "benchmark_cagr": 0.106115,
      "kosdaq_cagr": 0.043409,
      "avg_turnover": 0.7925,
      "cagr_optimistic": 0.148358,
      "cagr_conservative": 0.143849,
      "n_periods": 20
    },
    "F_pbr_no_r3r4": {
      "cagr": 0.161857,
      "net_cagr": 0.150182,
      "alpha": 0.055743,
      "alpha_kosdaq": 0.118449,
      "sharpe": 0.554084,
      "net_sharpe": 0.518121,
      "mdd": -0.297617,
      "robustness": 0.55,
      "benchmark_cagr": 0.106115,
      "kosdaq_cagr": 0.043409,
      "avg_turnover": 0.7875,
      "cagr_optimistic": 0.161857,
      "cagr_conservative": 0.161857,
      "n_periods": 20
    },
    "F_pbr_no_r3r4r6": {
      "cagr": 0.137893,
      "net_cagr": 0.126409,
      "alpha": 0.031779,
      "alpha_kosdaq": 0.094485,
      "sharpe": 0.475385,
      "net_sharpe": 0.440229,
      "mdd": -0.365927,
      "robustness": 0.45,
      "benchmark_cagr": 0.106115,
      "kosdaq_cagr": 0.043409,
      "avg_turnover": 0.7825,
      "cagr_optimistic": 0.137893,
      "cagr_conservative": 0.137893,
      "n_periods": 20
    },
    "G_full": {
      "cagr": 0.084352,
      "net_cagr": 0.071612,
      "alpha": -0.021762,
      "alpha_kosdaq": 0.040944,
      "sharpe": 0.340703,
      "net_sharpe": 0.28665,
      "mdd": -0.259602,
      "robustness": 0.5,
      "benchmark_cagr": 0.106115,
      "kosdaq_cagr": 0.043409,
      "avg_turnover": 0.8975,
      "cagr_optimistic": 0.085718,
      "cagr_conservative": 0.081105,
      "n_periods": 20
    },
    "G_no_r6": {
      "cagr": 0.122268,
      "net_cagr": 0.109213,
      "alpha": 0.016153,
      "alpha_kosdaq": 0.078859,
      "sharpe": 0.430436,
      "net_sharpe": 0.388036,
      "mdd": -0.300507,
      "robustness": 0.6,
      "benchmark_cagr": 0.106115,
      "kosdaq_cagr": 0.043409,
      "avg_turnover": 0.9,
      "cagr_optimistic": 0.122268,
      "cagr_conservative": 0.122268,
      "n_periods": 20
    },
    "H_no_stability": {
      "cagr": 0.118452,
      "net_cagr": 0.105706,
      "alpha": 0.012337,
      "alpha_kosdaq": 0.075043,
      "sharpe": 0.400487,
      "net_sharpe": 0.362871,