{
  "generated_at": "2026-07-17T20:22:26.375406",
  "scenarios": {
    "D_rim_only": {
      "cagr": 0.095373,
      "net_cagr": 0.085283,
      "alpha": -0.010741,
      "alpha_kosdaq": 0.051965,
      "sharpe": 0.336806,
      "net_sharpe": 0.30578,
      "mdd": -0.387401,
      "robustness": 0.45,
      "benchmark_cagr": 0.106115,
      "kosdaq_cagr": 0.043409,
      "avg_turnover": 0.7025,
      "cagr_optimistic": 0.098905,
      "cagr_conservative": 0.086952,
      "n_periods": 20
    },
    "D_no_r6": {
      "cagr": 0.088013,
      "net_cagr": 0.078345,
      "alpha": -0.018102,
      "alpha_kosdaq": 0.044604,
      "sharpe": 0.333857,
      "net_sharpe": 0.299611,
      "mdd": -0.447466,
      "robustness": 0.5,
      "benchmark_cagr": 0.106115,
      "kosdaq_cagr": 0.043409,
      "avg_turnover": 0.6725,
      "cagr_optimistic": 0.093042,
      "cagr_conservative": 0.07606,
      "n_periods": 20
    },
    "D_pbr_only": {
      "cagr": 0.110633,
      "net_cagr": 0.103912,
      "alpha": 0.004518,
      "alpha_kosdaq": 0.067224,
      "sharpe": 0.417178,
      "net_sharpe": 0.393149,
      "mdd": -0.354627,
      "robustness": 0.55,
      "benchmark_cagr": 0.106115,
      "kosdaq_cagr": 0.043409,
      "avg_turnover": 0.4625,
      "cagr_optimistic": 0.115412,
      "cagr_conservative": 0.099288,
      "n_periods": 20
    },
    "D_factor_only": {
      "cagr": 0.016508,
      "net_cagr": 0.007277,
      "alpha": -0.089607,
      "alpha_kosdaq": -0.0269,
      "sharpe": 0.028305,
      "net_sharpe": -0.021052,
      "mdd": -0.300791,
      "robustness": 0.3,
      "benchmark_cagr": 0.106115,
      "kosdaq_cagr": 0.043409,
      "avg_turnover": 0.67,
      "cagr_optimistic": 0.016508,
      "cagr_conservative": 0.016508,
      "n_periods": 20
    },
    "E_screener_rim": {
      "cagr": 0.07216,
      "net_cagr": 0.061654,
      "alpha": -0.033954,
      "alpha_kosdaq": 0.028752,
      "sharpe": 0.28123,
      "net_sharpe": 0.241347,
      "mdd": -0.330889,
      "robustness": 0.45,
      "benchmark_cagr": 0.106115,
      "kosdaq_cagr": 0.043409,
      "avg_turnover": 0.7475,
      "cagr_optimistic": 0.07216,
      "cagr_conservative": 0.07216,
      "n_periods": 20
    },
    "E_no_r6": {
      "cagr": 0.100954,
      "net_cagr": 0.090391,
      "alpha": -0.00516,
      "alpha_kosdaq": 0.057546,
      "sharpe": 0.360021,
      "net_sharpe": 0.325854,
      "mdd": -0.319617,
      "robustness": 0.5,
      "benchmark_cagr": 0.106115,
      "kosdaq_cagr": 0.043409,
      "avg_turnover": 0.74,
      "cagr_optimistic": 0.100954,
      "cagr_conservative": 0.100954,
      "n_periods": 20
    },
    "E_rev_only": {
      "cagr": 0.025106,
      "net_cagr": 0.014079,
      "alpha": -0.081009,
      "alpha_kosdaq": -0.018303,
      "sharpe": 0.095482,
      "net_sharpe": 0.051907,
      "mdd": -0.363005,
      "robustness": 0.35,
      "benchmark_cagr": 0.106115,
      "kosdaq_cagr": 0.043409,
      "avg_turnover": 0.7925,
      "cagr_optimistic": 0.025106,
      "cagr_conservative": 0.025106,
      "n_periods": 20
    },
    "E_op_only": {
      "cagr": 0.088464,
      "net_cagr": 0.076599,
      "alpha": -0.01765,
      "alpha_kosdaq": 0.045056,
      "sharpe": 0.308455,
      "net_sharpe": 0.272436,
      "mdd": -0.309794,
      "robustness": 0.45,
      "benchmark_cagr": 0.106115,
      "kosdaq_cagr": 0.043409,
      "avg_turnover": 0.83,
      "cagr_optimistic": 0.09009,
      "cagr_conservative": 0.084583,
      "n_periods": 20
    },
    "E_gpa_only": {
      "cagr": -0.040445,
      "net_cagr": -0.04965,
      "alpha": -0.14656,
      "alpha_kosdaq": -0.083854,
      "sharpe": -0.327188,
      "net_sharpe": -0.384302,
      "mdd": -0.465624,
      "robustness": 0.15,
      "benchmark_cagr": 0.106115,
      "kosdaq_cagr": 0.043409,
      "avg_turnover": 0.691039,
      "cagr_optimistic": -0.035606,
      "cagr_conservative": -0.051972,
      "n_periods": 20
    },
    "E_pbr_only": {
      "cagr": 0.122245,
      "net_cagr": 0.112187,
      "alpha": 0.016131,
      "alpha_kosdaq": 0.078837,
      "sharpe": 0.424077,
      "net_sharpe": 0.393144,
      "mdd": -0.359693,
      "robustness": 0.5,
      "benchmark_cagr": 0.106115,
      "kosdaq_cagr": 0.043409,
      "avg_turnover": 0.695,
      "cagr_optimistic": 0.125863,
      "cagr_conservative": 0.113617,
      "n_periods": 20
    },
    "F_momentum_rim": {
      "cagr": 0.137247,
      "net_cagr": 0.12456,
      "alpha": 0.031133,
      "alpha_kosdaq": 0.093839,
      "sharpe": 0.461004,
      "net_sharpe": 0.423516,
      "mdd": -0.332777,
      "robustness": 0.6,
      "benchmark_cagr": 0.106115,
      "kosdaq_cagr": 0.043409,
      "avg_turnover": 0.8675,
      "cagr_optimistic": 0.137247,
      "cagr_conservative": 0.137247,
      "n_periods": 20
    },
    "F_no_r6": {
      "cagr": 0.129036,
      "net_cagr": 0.116353,
      "alpha": 0.022922,
      "alpha_kosdaq": 0.085628,
      "sharpe": 0.445969,
      "net_sharpe": 0.406847,
      "mdd": -0.316402,
      "robustness": 0.5,
      "benchmark_cagr": 0.106115,
      "kosdaq_cagr": 0.043409,
      "avg_turnover": 0.8675,
      "cagr_optimistic": 0.129036,
      "cagr_conservative": 0.129036,
      "n_periods": 20
    },
    "F_pbr_only": {
      "cagr": 0.147929,
      "net_cagr": 0.135943,
      "alpha": 0.041815,
      "alpha_kosdaq": 0.104521,
      "sharpe": 0.507038,
      "net_sharpe": 0.470462,
      "mdd": -0.355282,
      "robustness": 0.45,
      "benchmark_cagr": 0.106115,
      "kosdaq_cagr": 0.043409,
      "avg_turnover": 0.81,
      "cagr_optimistic": 0.147929,
      "cagr_conservative": 0.147929,
      "n_periods": 20
    },
    "F_pbr_r6": {
      "cagr": 0.148062,
      "net_cagr": 0.136309,
      "alpha": 0.041948,
      "alpha_kosdaq": 0.104654,
      "sharpe": 0.52508,
      "net_sharpe": 0.487107,
      "mdd": -0.344802,
      "robustness": 0.55,
      "benchmark_cagr": 0.106115,
      "kosdaq_cagr": 0.043409,
      "avg_turnover": 0.7975,
      "cagr_optimistic": 0.149392,
      "cagr_conservative": 0.144904,
      "n_periods": 20
    },
    "F_pbr_no_r3r4": {
      "cagr": 0.16282,
      "net_cagr": 0.151002,
      "alpha": 0.056706,
      "alpha_kosdaq": 0.119412,
      "sharpe": 0.571747,
      "net_sharpe": 0.533934,
      "mdd": -0.307264,
      "robustness": 0.55,
      "benchmark_cagr": 0.106115,
      "kosdaq_cagr": 0.043409,
      "avg_turnover": 0.7975,
      "cagr_optimistic": 0.16282,
      "cagr_conservative": 0.16282,
      "n_periods": 20
    },
    "F_pbr_no_r3r4r6": {
      "cagr": 0.132998,
      "net_cagr": 0.121167,
      "alpha": 0.026884,
      "alpha_kosdaq": 0.08959,
      "sharpe": 0.471634,
      "net_sharpe": 0.433348,
      "mdd": -0.350795,
      "robustness": 0.4,
      "benchmark_cagr": 0.106115,
      "kosdaq_cagr": 0.043409,
      "avg_turnover": 0.805,
      "cagr_optimistic": 0.132998,
      "cagr_conservative": 0.132998,
      "n_periods": 20
    },
    "G_full": {
      "cagr": 0.088228,
      "net_cagr": 0.075531,
      "alpha": -0.017886,
      "alpha_kosdaq": 0.04482,
      "sharpe": 0.346739,
      "net_sharpe": 0.296344,
      "mdd": -0.270685,
      "robustness": 0.35,
      "benchmark_cagr": 0.106115,
      "kosdaq_cagr": 0.043409,
      "avg_turnover": 0.8925,
      "cagr_optimistic": 0.089615,
      "cagr_conservative": 0.084929,
      "n_periods": 20
    },
    "G_no_r6": {
      "cagr": 0.114694,
      "net_cagr": 0.101766,
      "alpha": 0.008579,
      "alpha_kosdaq": 0.071285,
      "sharpe": 0.386579,
      "net_sharpe": 0.347656,
      "mdd": -0.293745,
      "robustness": 0.55,
      "benchmark_cagr": 0.106115,
      "kosdaq_cagr": 0.043409,
      "avg_turnover": 0.895,
      "cagr_optimistic": 0.114694,
      "cagr_conservative": 0.114694,
      "n_periods": 20
    },
    "H_no_stability": {
      "cagr": 0.12312,
      "net_cagr": 0.110313,
      "alpha": 0.017006,
      "alpha_kosdaq": 0.079712,
      "sharpe": 0.39898,
      "net_sharpe": 0.363502,