{
  "tag": "U_pbr_path_ew",
  "run_at": "2026-07-20T00:10:42.260770",
  "seed": null,
  "cagr": 0.07677548857619043,
  "net_cagr": 0.0667324096638433,
  "alpha": -0.02933912185822507,
  "alpha_kosdaq": 0.03336694536384188,
  "sharpe": 0.296495519045141,
  "net_sharpe": 0.25812291563642764,
  "mdd": -0.30472293177304444,
  "robustness": 0.5,
  "benchmark_cagr": 0.1061146104344155,
  "kosdaq_cagr": 0.04340854321234855,
  "avg_turnover": 0.7111834076052672,
  "cagr_optimistic": 0.0789733183732968,
  "cagr_conservative": 0.07164551901829097,
  "n_periods": 20
}